use shipping;

INSERT INTO ports
VALUES ('Port of Manzanillo', 'Colón', 'Panama');

INSERT INTO ports
VALUES ('Malta Freeport', 'Birzebbuga', 'Malta');

INSERT INTO ports
VALUES ('Port of Chittagong', 'Patenga', 'Bangladesh');

INSERT INTO ports
VALUES ('Yokohama Port', 'Yokohama', 'Japan');

INSERT INTO ports
VALUES ('Port of South Louisiana', 'LaPlace', 'United States');




INSERT INTO ship
VALUES ('Yasa Jupiter', 34508, 'Ferdinand Magellan', 20, 'Yokohama Port', 'Yokohama', 'Japan', 2019) ;

INSERT INTO ship
VALUES ('Namura Queen', 47146, 'Bartholomew Roberts', 20, 'Port of Manzanillo', 'Colón', 'Panama', 2020);

INSERT INTO ship
VALUES ('USNS Sacagawea', 40298, 'Horatio Nelson', 40, 'Port of Chittagong', 'Patenga', 'Bangladesh', 2006);

INSERT INTO ship
VALUES ('HMM Rotterdam', 232311, 'John Rackham', 50, 'Port of South Louisiana', 'LaPlace', 'United States', 2020);

INSERT INTO ship
VALUES ('MSC Apolline', 228786, 'William Kidd', 50, 'Malta Freeport', 'Birzebbuga', 'Malta', 2021);

INSERT INTO ship
VALUES ('COSCO Guangzhou', 99833, 'Francis Drake', 40, 'Malta Freeport', 'Birzebbuga', 'Malta', 2006);

INSERT INTO ship
VALUES ('U Sea Saskatchewan', 34795, 'Christopher Columbus', 30, 'Port of South Louisiana', 'LaPlace', 'United States', 2010);

INSERT INTO ship
VALUES ('MOL Enterprise', 53096, 'Edward Teach', 30, 'Yokohama Port', 'Yokohama', 'Japan', 2003);

INSERT INTO ship
VALUES ('MV Golden Nori', 11676, 'Henry Morgan', 23, 'Port of Manzanillo', 'Colón', 'Panama', 1996);

INSERT INTO ship
VALUES ('MV Banglar Samriddhi', 25818, 'James Cook', 29, 'Port of Chittagong', 'Patenga', 'Bangladesh', 2018);


INSERT INTO container
VALUES('AAAB 123456 7', 8.500, 8.063, 45.00, 8000, 'Yasa Jupiter');

INSERT INTO container
VALUES('AAAB 243458 7', 8.500, 8.063, 45.00, 8267, 'Yasa Jupiter');

INSERT INTO container
VALUES('AABC 127476 8', 8.500, 8.063, 45.00, 7000, 'Namura Queen');

INSERT INTO container
VALUES('AABC 123456 7', 8.500, 8.063, 45.00, 5000, 'Namura Queen');

INSERT INTO container
VALUES('ABBD 123456 7', 6.500, 6.063, 30.00, 5500, 'USNS Sacagawea');

INSERT INTO container
VALUES('ABBD 626457 7', 6.500, 6.063, 30.00, 5500, 'USNS Sacagawea');

INSERT INTO container
VALUES('ACCD 123456 7', 8.500, 8.063, 45.00, 8200, 'HMM Rotterdam');

INSERT INTO container
VALUES('ACCD 123426 7', 8.500, 8.063, 45.00, 6500, 'HMM Rotterdam');

INSERT INTO container
VALUES('ACDC 123456 7', 8.500, 8.063, 45.00, 6500, 'MSC Apolline');

INSERT INTO container
VALUES('ACDC 123488 7', 8.500, 8.063, 45.00, 8100, 'MSC Apolline');

INSERT INTO container
VALUES('ADDD 123456 7', 10.500, 10.063, 65.00, 11000, 'COSCO Guangzhou');

INSERT INTO container
VALUES('ADDD 123333 7', 8.500, 8.063, 45.00, 5600, 'COSCO Guangzhou');

INSERT INTO container
VALUES('ABBC 123456 7', 8.500, 8.063, 45.00, 3500, 'U Sea Saskatchewan');

INSERT INTO container
VALUES('AACC 123456 7', 8.500, 8.063, 45.00, 5000, 'MOL Enterprise');

INSERT INTO container
VALUES('AACC 123457 8', 8.500, 8.063, 45.00, 9000, 'MOL Enterprise');

INSERT INTO container
VALUES('AACC 123444 8', 10.500, 10.063, 65.00, 9200, 'MOL Enterprise');

INSERT INTO container
VALUES('ABBD 123123 7', 8.500, 8.063, 45.00, 8500, 'MV Golden Nori');

INSERT INTO container
VALUES('ABBD 111456 7', 6.500, 6.063, 30.00, 4300, 'MV Golden Nori');

INSERT INTO container
VALUES('AAAB 122222 8', 6.500, 6.063, 30.00, 5200, 'Yasa Jupiter');

INSERT INTO container
VALUES('BBBC 123456 7', 8.500, 8.063, 45.00, 7500, 'MV Banglar Samriddhi');

INSERT INTO container
VALUES('BBBC 123455 8', 8.500, 8.063, 45.00, 9900, 'MV Banglar Samriddhi');

INSERT INTO container
VALUES('ABAB 123456 7', 10.500, 10.063, 65.00, 10000, 'Yasa Jupiter');

INSERT INTO container
VALUES('ADDA 123456 7', 8.500, 8.063, 45.00, 7050, 'Namura Queen');








